{
  "analytic_cases": [
    {
      "case": 0,
      "components": 2,
      "dimension": 2,
      "marginalized_mean": 0.13471486636118468,
      "marginalized_mean_z": -2.0940900943238416,
      "marginalized_variance": 0.020632317569010194,
      "maximum_component_reconstruction_error": 8.881784197001252e-16,
      "maximum_defensive_bound_violation": 0.0,
      "maximum_mixture_reconstruction_error": 8.881784197001252e-16,
      "outer_normalization_z": -1.8567306669477455,
      "paired_mean_z": 0.3730309526159944,
      "paths": 100000,
      "rank": 1,
      "raw_mean": 0.1342228316488264,
      "raw_mean_z": -1.0356341205457154,
      "raw_variance": 0.1942039110858004,
      "threshold": -1.1,
      "truth": 0.13566606094638262,
      "variance_nonincrease": true
    },
    {
      "case": 1,
      "components": 5,
      "dimension": 3,
      "marginalized_mean": 0.18345185595806107,
      "marginalized_mean_z": -0.9172775934694072,
      "marginalized_variance": 0.04397343094998522,
      "maximum_component_reconstruction_error": 3.552713678800501e-15,
      "maximum_defensive_bound_violation": 0.0,
      "maximum_mixture_reconstruction_error": 3.1086244689504383e-15,
      "outer_normalization_z": 0.7888155851591527,
      "paired_mean_z": 1.579877280599596,
      "paths": 100000,
      "rank": 2,
      "raw_mean": 0.18198246356049738,
      "raw_mean_z": -1.8203690591300776,
      "raw_variance": 0.1302659207990473,
      "threshold": -0.9000000000000001,
      "truth": 0.18406012534675942,
      "variance_nonincrease": true
    },
    {
      "case": 2,
      "components": 2,
      "dimension": 7,
      "marginalized_mean": 0.2427260510356025,
      "marginalized_mean_z": 0.8374763596412059,
      "marginalized_variance": 0.0828741923921087,
      "maximum_component_reconstruction_error": 5.329070518200751e-15,
      "maximum_defensive_bound_violation": 0.0,
      "maximum_mixture_reconstruction_error": 5.329070518200751e-15,
      "outer_normalization_z": -0.646136740785427,
      "paired_mean_z": 0.11907779374394172,
      "paths": 100000,
      "rank": 1,
      "raw_mean": 0.2425896995221484,
      "raw_mean_z": 0.4268267100957809,
      "raw_variance": 0.21513502157467523,
      "threshold": -0.7000000000000001,
      "truth": 0.24196365222307298,
      "variance_nonincrease": true
    },
    {
      "case": 3,
      "components": 2,
      "dimension": 32,
      "marginalized_mean": 0.3152298582337485,
      "marginalized_mean_z": 2.1183205531102867,
      "marginalized_variance": 0.9980906200238266,
      "maximum_component_reconstruction_error": 1.0658141036401503e-14,
      "maximum_defensive_bound_violation": 0.0,
      "maximum_mixture_reconstruction_error": 1.0658141036401503e-14,
      "outer_normalization_z": 1.2896502479284275,
      "paired_mean_z": 0.11989016325031973,
      "paths": 100000,
      "rank": 2,
      "raw_mean": 0.3151282622964005,
      "raw_mean_z": 2.0171334173624262,
      "raw_variance": 1.06757143511439,
      "threshold": -0.5,
      "truth": 0.3085375387259869,
      "variance_nonincrease": true
    },
    {
      "case": 4,
      "components": 5,
      "dimension": 2,
      "marginalized_mean": 0.38096698844631,
      "marginalized_mean_z": -1.0232164994825328,
      "marginalized_variance": 0.12015246800378641,
      "maximum_component_reconstruction_error": 1.7763568394002505e-15,
      "maximum_defensive_bound_violation": 0.0,
      "maximum_mixture_reconstruction_error": 1.7763568394002505e-15,
      "outer_normalization_z": -0.11428957275760733,
      "paired_mean_z": 1.7832692070564542,
      "paths": 100000,
      "rank": 1,
      "raw_mean": 0.3786119207576511,
      "raw_mean_z": -2.0246937767783293,
      "raw_variance": 0.2948526325797354,
      "threshold": -0.30000000000000004,
      "truth": 0.3820885778110473,
      "variance_nonincrease": true
    },
    {
      "case": 5,
      "components": 2,
      "dimension": 3,
      "marginalized_mean": 0.46028259888301104,
      "marginalized_mean_z": 0.386272216079064,
      "marginalized_variance": 0.008174019181422947,
      "maximum_component_reconstruction_error": 4.440892098500626e-15,
      "maximum_defensive_bound_violation": 0.0,
      "maximum_mixture_reconstruction_error": 4.440892098500626e-15,
      "outer_normalization_z": 0.93160060007694,
      "paired_mean_z": 0.20751563135219359,
      "paths": 100000,
      "rank": 2,
      "raw_mean": 0.45985516030297763,
      "raw_mean_z": -0.15245626028029396,
      "raw_variance": 0.43234917085215363,
      "threshold": -0.10000000000000009,
      "truth": 0.46017216272297096,
      "variance_nonincrease": true
    },
    {
      "case": 6,
      "components": 2,
      "dimension": 7,
      "marginalized_mean": 0.5423663469776199,
      "marginalized_mean_z": 1.401351944561118,
      "marginalized_variance": 0.32814305246553876,
      "maximum_component_reconstruction_error": 1.3322676295501878e-15,
      "maximum_defensive_bound_violation": 0.0,
      "maximum_mixture_reconstruction_error": 1.7763568394002505e-15,
      "outer_normalization_z": 0.8328957844768282,
      "paired_mean_z": 0.07560170847613296,
      "paths": 100000,
      "rank": 1,
      "raw_mean": 0.542294340317374,
      "raw_mean_z": 1.203468012558765,
      "raw_variance": 0.42004344074129546,
      "threshold": 0.10000000000000009,
      "truth": 0.539827837277029,
      "variance_nonincrease": true
    },
    {
      "case": 7,
      "components": 5,
      "dimension": 32,
      "marginalized_mean": 0.624577550962941,
      "marginalized_mean_z": 1.3829639384839203,
      "marginalized_variance": 2.3234091016568277,
      "maximum_component_reconstruction_error": 1.4210854715202004e-14,
      "maximum_defensive_bound_violation": 0.0,
      "maximum_mixture_reconstruction_error": 1.4210854715202004e-14,
      "outer_normalization_z": 1.3809096595973152,
      "paired_mean_z": -2.1528664556431525,
      "paths": 100000,
      "rank": 2,
      "raw_mean": 0.6279002281615296,
      "raw_mean_z": 1.9662848650322367,
      "raw_variance": 2.5806807470261472,
      "threshold": 0.30000000000000004,
      "truth": 0.6179114221889527,
      "variance_nonincrease": true
    },
    {
      "case": 8,
      "components": 2,
      "dimension": 2,
      "marginalized_mean": 0.6912566352396053,
      "marginalized_mean_z": -0.16503182992030616,
      "marginalized_variance": 0.15554826912899625,
      "maximum_component_reconstruction_error": 3.552713678800501e-15,
      "maximum_defensive_bound_violation": 0.0,
      "maximum_mixture_reconstruction_error": 3.552713678800501e-15,
      "outer_normalization_z": -1.4381842620554801,
      "paired_mean_z": -0.9111266295854886,
      "paths": 100000,
      "rank": 1,
      "raw_mean": 0.6927640735028342,
      "raw_mean_z": 0.6292416884950491,
      "raw_variance": 0.42788618506652637,
      "threshold": 0.5,
      "truth": 0.6914624612740131,
      "variance_nonincrease": true
    },
    {
      "case": 9,
      "components": 2,
      "dimension": 3,
      "marginalized_mean": 0.7584954420609107,
      "marginalized_mean_z": 0.6176967553466133,
      "marginalized_variance": 0.055239931450431,
      "maximum_component_reconstruction_error": 1.7763568394002505e-15,
      "maximum_defensive_bound_violation": 0.0,
      "maximum_mixture_reconstruction_error": 1.7763568394002505e-15,
      "outer_normalization_z": -0.9151168945007948,
      "paired_mean_z": -1.4518015284819448,
      "paths": 100000,
      "rank": 2,
      "raw_mean": 0.7609533906614935,
      "raw_mean_z": 1.5761634641942035,
      "raw_variance": 0.3425177758877707,
      "threshold": 0.7,
      "truth": 0.758036347776927,
      "variance_nonincrease": true
    },
    {
      "case": 10,
      "components": 5,
      "dimension": 7,
      "marginalized_mean": 0.8177638663980221,
      "marginalized_mean_z": 1.0127401314362634,
      "marginalized_variance": 0.32437673415168616,