{
  "analytic_probability": 0.0026997960632601866,
  "component_unbiasedness_audit": {
    "balance_bias_z": -0.9891254120197067,
    "balance_estimate": 0.002681712330059273,
    "balance_second_moment": 0.00034144282210255716,
    "balance_standard_error": 1.8282548381795315e-05,
    "component_bias_z": -2.2844485274955524,
    "component_estimate": 0.0022580007394026394,
    "component_second_moment": 0.03740573918656878,
    "component_standard_error": 0.00019339254902884097,
    "drift": 1.0,
    "event_fraction": 0.022662,
    "likelihood_mean": 1.0009449504933,
    "likelihood_standard_error": 0.0004712984468982323,
    "maximum_log_likelihood": 0.49999999999583267,
    "minimum_log_likelihood": -4.633060649526639
  },
  "efficacy_simulation": {
    "balance_bias_z": -0.47195998285930385,
    "balance_estimate": 0.0026974705268977754,
    "balance_second_moment": 3.155560923577174e-05,
    "balance_standard_error": 4.9274015740110305e-06,
    "component_estimate": 0.0013487352662763562,
    "component_second_moment": 7.888902356652469e-06,
    "component_standard_error": 2.4637007951414e-06,
    "event_fraction": 0.56155,
    "likelihood_mean": 1.0036735011056483,
    "likelihood_standard_error": 0.007171187217208696,
    "maximum_log_likelihood": 4.976538431281625,
    "minimum_log_likelihood": -20.44673124922294,
    "normalization_z": 0.5122584300732028
  },
  "gates": {
    "balance_estimate_matches": true,
    "component_estimate_matches_at_audit_drift": true,
    "density_matches_analytic": true,
    "mixture_likelihood_normalizes": true,
    "mixture_second_moment_improves": true,
    "single_optimum_is_zero": true
  },
  "passed": true,
  "protocol_frozen": false,
  "protocol_id": "g4-gaussian-two-tail-mixture-development-v1",
  "protocol_sha256": "8d925aeca91d07ae247f8810c70b77d422961f356f92e3a873543a44956ac993",
  "single_constant": {
    "optimal_drift": 8.606869447966384e-09,
    "second_moment": 0.002699796063260186
  },
  "smoke": false,
  "symmetric_mixture": {
    "maximum_density_error": 3.552713678800501e-15,
    "optimal_absolute_drift": 3.1548497435548724,
    "second_moment": 3.1587692131923336e-05,
    "second_moment_ratio_vs_single": 85.46987389850183
  }
}
