{
  "claim_scope": "measured finite-window wall-clock scaling; not an asymptotic theorem",
  "environment": {
    "device": "cpu",
    "dtype": "float64",
    "thread_count": 1,
    "torch_version": "2.9.1+cu128"
  },
  "fft_log_cost_slope": 0.6559196958783102,
  "fft_log_cost_slope_upper_95_one_sided": 0.7723674030021922,
  "gates": {
    "cost_exponent": true,
    "pathwise_replay": true,
    "terminal_speedup": true
  },
  "passed": true,
  "protocol_id": "g9-fft-scaling-v1",
  "protocol_sha256": "f51dba301f63fd22cc0789e2a69db2a1a2d07218a579017d77238206f201b84c",
  "replay_maximum_absolute_error": 1.1368683772161603e-13,
  "scaling": [
    {
      "fft_median_seconds": 0.0017433999892091379,
      "fft_seconds": [
        0.0017731999978423119,
        0.0017324999935226515,
        0.0016711999924154952,
        0.0017433999892091379,
        0.002214300009654835
      ],
      "paths": 32,
      "reference_median_seconds": 0.02925649999815505,
      "reference_seconds": [
        0.031255400012014434,
        0.02925649999815505,
        0.028293800001847558,
        0.029754800008959137,
        0.028469500000937842
      ],
      "speedup": 16.781289537248842,
      "steps": 64
    },
    {
      "fft_median_seconds": 0.0024840999976731837,
      "fft_seconds": [
        0.0024840999976731837,
        0.002856399994925596,
        0.0023307999945245683,
        0.0021118000004207715,
        0.0026073999906657264
      ],
      "paths": 32,
      "reference_median_seconds": 0.06311389998882078,
      "reference_seconds": [
        0.07180469999730121,
        0.07143130000622477,
        0.06228329999430571,
        0.060150800010887906,
        0.06311389998882078
      ],
      "speedup": 25.40714948993138,
      "steps": 128
    },
    {
      "fft_median_seconds": 0.0034838999999919906,
      "fft_seconds": [
        0.003038900002138689,
        0.003603100005420856,
        0.003392300000996329,
        0.0034838999999919906,
        0.003993499994976446
      ],
      "paths": 32,
      "reference_median_seconds": 0.14507199999934528,
      "reference_seconds": [
        0.14992339999298565,
        0.14046579999558162,
        0.1481299000006402,
        0.14370590000180528,
        0.14507199999934528
      ],
      "speedup": 41.64069003119458,
      "steps": 256
    },
    {
      "fft_median_seconds": 0.006040299995220266,
      "fft_seconds": [
        0.0046619000058854,
        0.005934300002991222,
        0.006270199999562465,
        0.006597400002647191,
        0.006040299995220266
      ],
      "paths": 32,
      "reference_median_seconds": 0.3899742000066908,
      "reference_seconds": [
        0.38003269999171607,
        0.3807507000019541,
        0.3899742000066908,
        0.4151490000076592,
        0.42827699999907054
      ],
      "speedup": 64.56205822811454,
      "steps": 512
    },
    {
      "fft_median_seconds": 0.010857000001124106,
      "fft_seconds": [
        0.010003400006098673,
        0.011751500001992099,
        0.011421799994423054,
        0.0103023999981815,
        0.010857000001124106
      ],
      "paths": 32,
      "reference_median_seconds": 1.1767395000060787,
      "reference_seconds": [
        1.258972999989055,
        1.1767395000060787,
        1.2499106999894138,
        1.141123699999298,
        1.1144691999943461
      ],
      "speedup": 108.38532742785688,
      "steps": 1024
    }
  ],
  "smoke": false,
  "terminal_speedup": 108.38532742785688
}