{
  "mode": "smoke_non_publication",
  "protocol_id": "g2-heston-terminal-left-tail-v1",
  "protocol_sha256": "56d90523c69bea30751ff32c13809965aaf76d5d38680376021e32ce72353d6e",
  "reference_probability": 0.00010000000000265352,
  "rows": [
    {
      "cem_converged": true,
      "control": -3.684275185775757,
      "dt_effective": 0.015625,
      "dt_requested": 0.015625,
      "report": {
        "bias": -4.089908040609089e-06,
        "bias_z_score": -1.7231317564415631,
        "ci_coverage": 0.6666666666666666,
        "confidence_level": 0.95,
        "empirical_standard_deviation": 4.1110776921948365e-06,
        "mean_estimate": 9.591009196204443e-05,
        "mean_reported_standard_error": 3.1353158647107193e-06,
        "relative_bias": -0.040899080405005624,
        "relative_rmse": 0.052909974774763564,
        "runs": 3,
        "truth": 0.00010000000000265352
      },
      "runs": [
        {
          "diagnostics": {
            "contribution_ess": 785.6766057228153,
            "contribution_ess_fraction": 0.03928383028614077,
            "estimate": 0.00010048997716559785,
            "finite_fraction": 1.0,
            "likelihood_ess": 3.3259023221887003,
            "likelihood_ess_fraction": 0.000166295116109435,
            "log_mean_likelihood": 0.1321999539557659,
            "max_contribution_share": 0.013090533284198774,
            "max_normalized_weight": 0.5431489704840918,
            "mean_likelihood": 1.1413365112028098,
            "normalization_z_score": 0.22585029252581554,
            "paths": 20000,
            "top_one_percent_contribution_share": 0.22377315506647064,
            "top_one_percent_weight_share": 0.9288863824873591
          },
          "elapsed_seconds": 0.08394620002945885,
          "estimate": 0.00010048998956335708,
          "event_fraction_under_proposal": 0.39660000801086426,
          "single_path_variance": 2.4697243361515575e-07,
          "standard_error": 3.5140606087225024e-06
        },
        {
          "diagnostics": {
            "contribution_ess": 1044.6456575434174,
            "contribution_ess_fraction": 0.05223228287717087,
            "estimate": 9.253876659657786e-05,
            "finite_fraction": 1.0,
            "likelihood_ess": 31.601693557541594,
            "likelihood_ess_fraction": 0.0015800846778770798,
            "log_mean_likelihood": -0.36659995555177716,
            "max_contribution_share": 0.008023664266842027,
            "max_normalized_weight": 0.11049437233514006,
            "mean_likelihood": 0.6930868551410501,
            "normalization_z_score": -2.4912397827292794,
            "paths": 20000,
            "top_one_percent_contribution_share": 0.1881092482047313,
            "top_one_percent_weight_share": 0.8707550248547471
          },
          "elapsed_seconds": 0.08433509996393695,
          "estimate": 9.253877215087414e-05,
          "event_fraction_under_proposal": 0.3860499858856201,
          "single_path_variance": 1.5539320941115875e-07,
          "standard_error": 2.787410949167679e-06
        },
        {
          "diagnostics": {
            "contribution_ess": 889.2161963306854,
            "contribution_ess_fraction": 0.04446080981653427,
            "estimate": 9.470150593982381e-05,
            "finite_fraction": 1.0,
            "likelihood_ess": 4.10775409761648,
            "likelihood_ess_fraction": 0.000205387704880824,
            "log_mean_likelihood": 0.73412507297469,
            "max_contribution_share": 0.007308643647908134,
            "max_normalized_weight": 0.4763132874833923,
            "mean_likelihood": 2.083658145931662,
            "normalization_z_score": 1.054148504168289,
            "paths": 20000,
            "top_one_percent_contribution_share": 0.21775568548715035,
            "top_one_percent_weight_share": 0.9580356582788863
          },
          "elapsed_seconds": 0.09188399999402463,
          "estimate": 9.470151417190209e-05,
          "event_fraction_under_proposal": 0.3883500099182129,
          "single_path_variance": 1.9275543650110194e-07,
          "standard_error": 3.1044760362419765e-06
        }
      ],
      "steps": 64,
      "training_seconds": 0.16392540000379086
    },
    {
      "cem_converged": true,
      "control": -3.6362850014448163,
      "dt_effective": 0.0078125,
      "dt_requested": 0.0078125,
      "report": {
        "bias": 2.4825799556833794e-07,
        "bias_z_score": 1.1461383076896288,
        "ci_coverage": 1.0,
        "confidence_level": 0.95,
        "empirical_standard_deviation": 3.7516891183608543e-07,
        "mean_estimate": 0.00010024825799822186,
        "mean_reported_standard_error": 3.154255333962889e-06,
        "relative_bias": 0.0024825799556175035,
        "relative_rmse": 0.003942924134372976,
        "runs": 3,
        "truth": 0.00010000000000265352
      },
      "runs": [
        {
          "diagnostics": {
            "contribution_ess": 1029.5424352944906,
            "contribution_ess_fraction": 0.05147712176472453,
            "estimate": 9.995464858849513e-05,
            "finite_fraction": 1.0,
            "likelihood_ess": 23.144552801410896,
            "likelihood_ess_fraction": 0.0011572276400705448,
            "log_mean_likelihood": -0.6597253719596594,
            "max_contribution_share": 0.007575711067352426,
            "max_normalized_weight": 0.17484562697060435,
            "mean_likelihood": 0.5169932958532312,
            "normalization_z_score": -4.49710700090608,
            "paths": 20000,
            "top_one_percent_contribution_share": 0.19373662504897593,
            "top_one_percent_weight_share": 0.8314695701383331
          },
          "elapsed_seconds": 0.19864630000665784,
          "estimate": 9.995465370593593e-05,
          "event_fraction_under_proposal": 0.3815000057220459,
          "single_path_variance": 1.8410317181860592e-07,
          "standard_error": 3.0340004286699696e-06
        },
        {
          "diagnostics": {
            "contribution_ess": 869.8620454844328,
            "contribution_ess_fraction": 0.04349310227422164,
            "estimate": 0.00010067092049898863,
            "finite_fraction": 1.0,
            "likelihood_ess": 8.309807328968942,
            "likelihood_ess_fraction": 0.0004154903664484471,
            "log_mean_likelihood": 0.09739410232870327,
            "max_contribution_share": 0.011871022954859449,
            "max_normalized_weight": 0.2527587150685911,
            "mean_likelihood": 1.1022947049400311,
            "normalization_z_score": 0.2675656103179232,
            "paths": 20000,
            "top_one_percent_contribution_share": 0.20334464162501367,
            "top_one_percent_weight_share": 0.9138562576061355
          },
          "elapsed_seconds": 0.18904820003081113,
          "estimate": 0.00010067092080134898,
          "event_fraction_under_proposal": 0.37369999289512634,
          "single_path_variance": 2.2289356138571748e-07,
          "standard_error": 3.3383646496076835e-06
        },
        {
          "diagnostics": {
            "contribution_ess": 997.2700372711752,
            "contribution_ess_fraction": 0.04986350186355876,
            "estimate": 0.00010011919931092736,
            "finite_fraction": 1.0,
            "likelihood_ess": 45.035801457938724,
            "likelihood_ess_fraction": 0.0022517900728969364,
            "log_mean_likelihood": -0.5405142900864313,
            "max_contribution_share": 0.00920292642262054,
            "max_normalized_weight": 0.08271475281824985,
            "mean_likelihood": 0.5824486277784923,
            "normalization_z_score": -4.816259742165124,
            "paths": 20000,
            "top_one_percent_contribution_share": 0.19331298701062344,
            "top_one_percent_weight_share": 0.8418340423457364
          },
          "elapsed_seconds": 0.16346329997759312,
          "estimate": 0.00010011919948738068,